Title,Body,Labels
Review Background Literature,"Review existing literature on blockchain technologies to identify gaps and justify the need for the proposed model.",research
Define Objectives,"Clearly outline the objectives and goals of the proposed blockchain model.",planning
Develop Methodology Section,"Describe the methodology, including system architecture, encryption methods, and the adaptive problem-solving mechanism.",documentation
System Design Documentation,"Detail the design of the blockchain system, focusing on network integrity calculators and layered blockchain structure.",documentation
Prototype Development,"Develop a prototype to test the theoretical aspects of the blockchain model.",development
Conduct Pilot Testing,"Run pilot tests with the prototype to gather initial data and identify potential issues.",testing
Data Analysis,"Analyze the data collected from the pilot tests to evaluate the performance of the blockchain model.",analysis
Write Results and Discussion,"Prepare the Results and Discussion section by comparing the proposed model against existing technologies and discussing the implications.",writing
Draft Conclusion,"Summarize the findings and suggest future research directions.",writing
Prepare References,"Compile and format all references according to the target journal's guidelines.",documentation
Proofreading and Editing,"Review the complete draft for any errors and improve clarity and flow.",review
Submit for Peer Review,"Submit the draft to peers for feedback and incorporate their suggestions.",review
Final Submission Preparation,"Prepare the final draft of the paper, ensuring all sections are complete and well-formatted.",submission
